	metrics	textrank	rake trigrams	tf-idf
0	precision	0.02931871072890861	0.03013536326635948	0.08666666666666667
1	recall	0.23537386526516962	0.43836399108138235	0.1468665392578436
2	f-score	0.04798414138354567	0.05395256286658578	0.10657252706311546
